[
    {
        "name": "Karate",
        "image": "/Courses/Karate.png",
        "about_course": "Karate unarmed martial-arts discipline employing kicking, striking, and defensive blocking with arms and legs. Karate unarmed martial-arts discipline employing kicking, striking, and defensive blocking with arms and legs."
    },

    {
        "name": "Silambam",
        "image": "/Courses/Silambam.png",
        "about_course": "Silambam is an indian martial art originating in Tamil Nadu, South India in the Indian subcontinent. This style is mentioned in Tamil Sangam literature. The World   Silambam  Association is the official international body of Silambam."
    },

    {
        "name": "Archery",
        "image": "/Courses/Archery.png",
        "about_course": "Archery is the sport, practice, or skill of using a bow to shoot arrows. The word comes from the Latin arcus, meaning bow. Historically, archery has been used for hunting and combat. In modern times."
    },

    {
        "name": "Fitness",
        "image": "/Courses/Fitness.png",
        "about_course": "Physical fitness is a state of health and well-being and, more specifically, the ability to perform aspects of sports, occupations and daily activities."
    },

    {
        "name": "Yoga",
        "image": "/Courses/Yoga.png",
        "about_course": "Yoga is referred to in a number of the Upanishads. The first known appearance of the word 'yoga' with the same meaning as the modern term is in the Katha Upanishad."
    },

    {
        "name": "Kids & Women's Defence",
        "image": "/Courses/Self Defence.png",
        "about_course": "Self-defense  is a countermeasure that involves defending the health and well-being of oneself from harm. The use of the right of self-defense as a legal justification for the use of force in times of danger is available in many jurisdictions."
    }
]