{
	"info": {
		"_postman_id": "4803c35b-28e5-4bd4-8b58-cab863232b78",
		"name": "Karate Academy",
		"schema": "https://schema.getpostman.com/json/collection/v2.1.0/collection.json",
		"_exporter_id": "31335441"
	},
	"item": [
		{
			"name": "Admin",
			"item": [
				{
					"name": "register",
					"request": {
						"method": "POST",
						"header": [],
						"body": {
							"mode": "raw",
							"raw": "{\r\n    \"name\": \"voldemort\",\r\n    \"email\": \"voldemort@gmail.com\",\r\n    \"username\": \"voldemort\",\r\n    \"password\": \"voldemortpass\"\r\n}",
							"options": {
								"raw": {
									"language": "json"
								}
							}
						},
						"url": {
							"raw": "http://localhost:3000/api/admin/register",
							"protocol": "http",
							"host": [
								"localhost"
							],
							"port": "3000",
							"path": [
								"api",
								"admin",
								"register"
							]
						}
					},
					"response": []
				},
				{
					"name": "login",
					"request": {
						"method": "POST",
						"header": [],
						"body": {
							"mode": "raw",
							"raw": "{\r\n    \"username\": \"voldemort\",\r\n    \"password\": \"voldemortpass\"\r\n}",
							"options": {
								"raw": {
									"language": "json"
								}
							}
						},
						"url": {
							"raw": "http://localhost:3000/api/admin/login",
							"protocol": "http",
							"host": [
								"localhost"
							],
							"port": "3000",
							"path": [
								"api",
								"admin",
								"login"
							]
						}
					},
					"response": []
				},
				{
					"name": "register-student",
					"request": {
						"method": "POST",
						"header": [
							{
								"key": "Authorization",
								"value": "Bearer eyJhbGciOiJIUzI1NiIsInR5cCI6IkpXVCJ9.eyJ1c2VybmFtZSI6ImhhcnJ5Iiwicm9sZSI6ImFkbWluIiwiaWF0IjoxNzE0NDE0NjMyLCJleHAiOjE3MTcwMDY2MzJ9.HqqeZJtRCZkWB9MTDPDHD2KNB8PYbizwQ6-XsC72e5k",
								"type": "text"
							}
						],
						"body": {
							"mode": "raw",
							"raw": "{\r\n    \"name\": \"John Alice Ben10\",\r\n    \"dob\": \"2000-02-25\",\r\n    \"address\": \"456 Main St\",\r\n    \"phone_no\": \"5282828282\",\r\n    \"email\": \"john.aliceben10@example.com\",\r\n    \"father_name\": \"james alice\",\r\n    \"father_occupation\": \"engineer\",\r\n    \"father_mobile_no\": \"7869504986\",\r\n    \"mother_name\": \"James Maria\",\r\n    \"mother_occupation\": \"Engineer\",\r\n    \"mother_mobile_no\": \"2343456457\",\r\n    \"student_active\": true\r\n}",
							"options": {
								"raw": {
									"language": "json"
								}
							}
						},
						"url": {
							"raw": "http://localhost:3000/api/admin/register-student",
							"protocol": "http",
							"host": [
								"localhost"
							],
							"port": "3000",
							"path": [
								"api",
								"admin",
								"register-student"
							]
						}
					},
					"response": []
				},
				{
					"name": "add payment",
					"request": {
						"method": "POST",
						"header": [
							{
								"key": "Authorization",
								"value": "Bearer eyJhbGciOiJIUzI1NiIsInR5cCI6IkpXVCJ9.eyJ1c2VybmFtZSI6ImhhcnJ5Iiwicm9sZSI6ImFkbWluIiwiaWF0IjoxNzE0NDE0NjMyLCJleHAiOjE3MTcwMDY2MzJ9.HqqeZJtRCZkWB9MTDPDHD2KNB8PYbizwQ6-XsC72e5k",
								"type": "text"
							}
						],
						"body": {
							"mode": "raw",
							"raw": "{\r\n    \"student_id\": 14,\r\n    \"payment_date\": \"2024-04-17\",\r\n    \"amount_paid\": 15000,\r\n    \"payment_method\": \"Cash\"\r\n}",
							"options": {
								"raw": {
									"language": "json"
								}
							}
						},
						"url": {
							"raw": "http://localhost:3000/api/admin/payment-detail",
							"protocol": "http",
							"host": [
								"localhost"
							],
							"port": "3000",
							"path": [
								"api",
								"admin",
								"payment-detail"
							]
						}
					},
					"response": []
				},
				{
					"name": "update payment",
					"request": {
						"method": "PUT",
						"header": [
							{
								"key": "Authorization",
								"value": "Bearer eyJhbGciOiJIUzI1NiIsInR5cCI6IkpXVCJ9.eyJ1c2VybmFtZSI6ImhhcnJ5Iiwicm9sZSI6ImFkbWluIiwiaWF0IjoxNzE0NDE0NjMyLCJleHAiOjE3MTcwMDY2MzJ9.HqqeZJtRCZkWB9MTDPDHD2KNB8PYbizwQ6-XsC72e5k",
								"type": "text"
							}
						],
						"body": {
							"mode": "raw",
							"raw": "{\r\n    \"student_id\": 14,\r\n    \"payment_date\": \"2024-04-17\",\r\n    \"amount_paid\": 17000,\r\n    \"payment_method\": \"Cash\"\r\n}",
							"options": {
								"raw": {
									"language": "json"
								}
							}
						},
						"url": {
							"raw": "http://localhost:3000/api/admin/update-payment/8",
							"protocol": "http",
							"host": [
								"localhost"
							],
							"port": "3000",
							"path": [
								"api",
								"admin",
								"update-payment",
								"8"
							]
						}
					},
					"response": []
				},
				{
					"name": "create-course",
					"request": {
						"method": "POST",
						"header": [
							{
								"key": "Authorization",
								"value": "Bearer eyJhbGciOiJIUzI1NiIsInR5cCI6IkpXVCJ9.eyJ1c2VybmFtZSI6ImhhcnJ5Iiwicm9sZSI6ImFkbWluIiwiaWF0IjoxNzE0NDE0NjMyLCJleHAiOjE3MTcwMDY2MzJ9.HqqeZJtRCZkWB9MTDPDHD2KNB8PYbizwQ6-XsC72e5k",
								"type": "text"
							}
						],
						"body": {
							"mode": "raw",
							"raw": "{\r\n    \"course_name\": \"Kung fu\",\r\n    \"instructor\": \"satoru gojo\",\r\n    \"schedule\": \"MFS 4-8PM\",\r\n    \"category\": \"Advanced\"\r\n}",
							"options": {
								"raw": {
									"language": "json"
								}
							}
						},
						"url": {
							"raw": "http://localhost:3000/api/admin/create-course",
							"protocol": "http",
							"host": [
								"localhost"
							],
							"port": "3000",
							"path": [
								"api",
								"admin",
								"create-course"
							]
						}
					},
					"response": []
				},
				{
					"name": "update course",
					"request": {
						"method": "PUT",
						"header": [
							{
								"key": "Authorization",
								"value": "Bearer eyJhbGciOiJIUzI1NiIsInR5cCI6IkpXVCJ9.eyJ1c2VybmFtZSI6ImhhcnJ5Iiwicm9sZSI6ImFkbWluIiwiaWF0IjoxNzE0NDE0NjMyLCJleHAiOjE3MTcwMDY2MzJ9.HqqeZJtRCZkWB9MTDPDHD2KNB8PYbizwQ6-XsC72e5k",
								"type": "text"
							}
						],
						"body": {
							"mode": "raw",
							"raw": "{\r\n    \"course_name\": \"jujutsu\",\r\n    \"instructor\": \"sensei gojo\",\r\n    \"schedule\": \"MFS 4-8PM\",\r\n    \"category\": \"Advanced\"\r\n}",
							"options": {
								"raw": {
									"language": "json"
								}
							}
						},
						"url": {
							"raw": "http://localhost:3000/api/admin/update-course/4",
							"protocol": "http",
							"host": [
								"localhost"
							],
							"port": "3000",
							"path": [
								"api",
								"admin",
								"update-course",
								"4"
							]
						}
					},
					"response": []
				},
				{
					"name": "register-course",
					"request": {
						"method": "POST",
						"header": [
							{
								"key": "Authorization",
								"value": "Bearer eyJhbGciOiJIUzI1NiIsInR5cCI6IkpXVCJ9.eyJ1c2VybmFtZSI6ImhhcnJ5Iiwicm9sZSI6ImFkbWluIiwiaWF0IjoxNzE0NDE0NjMyLCJleHAiOjE3MTcwMDY2MzJ9.HqqeZJtRCZkWB9MTDPDHD2KNB8PYbizwQ6-XsC72e5k",
								"type": "text"
							}
						],
						"body": {
							"mode": "raw",
							"raw": "{\r\n    \"course_name\": \"Karate\",\r\n    \"enrollment_date\": \"2024-05-03\"\r\n}",
							"options": {
								"raw": {
									"language": "json"
								}
							}
						},
						"url": {
							"raw": "http://localhost:3000/api/admin/register-course/14",
							"protocol": "http",
							"host": [
								"localhost"
							],
							"port": "3000",
							"path": [
								"api",
								"admin",
								"register-course",
								"14"
							]
						}
					},
					"response": []
				},
				{
					"name": "update register course",
					"request": {
						"method": "PUT",
						"header": [
							{
								"key": "Authorization",
								"value": "Bearer eyJhbGciOiJIUzI1NiIsInR5cCI6IkpXVCJ9.eyJ1c2VybmFtZSI6ImhhcnJ5Iiwicm9sZSI6ImFkbWluIiwiaWF0IjoxNzE0NDE0NjMyLCJleHAiOjE3MTcwMDY2MzJ9.HqqeZJtRCZkWB9MTDPDHD2KNB8PYbizwQ6-XsC72e5k",
								"type": "text"
							}
						],
						"body": {
							"mode": "raw",
							"raw": "{\r\n    \"student_id\": 14,\r\n    \"course_id\": \"3\",\r\n    \"enrollment_date\": \"2024-05-03\"\r\n}",
							"options": {
								"raw": {
									"language": "json"
								}
							}
						},
						"url": {
							"raw": "http://localhost:3000/api/admin/update-student-course/5",
							"protocol": "http",
							"host": [
								"localhost"
							],
							"port": "3000",
							"path": [
								"api",
								"admin",
								"update-student-course",
								"5"
							]
						}
					},
					"response": []
				},
				{
					"name": "upload-certificate",
					"request": {
						"method": "POST",
						"header": [
							{
								"key": "Authorization",
								"value": "Bearer eyJhbGciOiJIUzI1NiIsInR5cCI6IkpXVCJ9.eyJ1c2VybmFtZSI6ImhhcnJ5Iiwicm9sZSI6ImFkbWluIiwiaWF0IjoxNzE0NDE0NjMyLCJleHAiOjE3MTcwMDY2MzJ9.HqqeZJtRCZkWB9MTDPDHD2KNB8PYbizwQ6-XsC72e5k",
								"type": "text"
							}
						],
						"body": {
							"mode": "formdata",
							"formdata": [
								{
									"key": "student_id",
									"value": "14",
									"type": "text"
								},
								{
									"key": "course_id",
									"value": "1",
									"type": "text"
								},
								{
									"key": "issue_date",
									"value": "2024-05-05",
									"type": "text"
								},
								{
									"key": "image",
									"type": "file",
									"src": []
								}
							]
						},
						"url": {
							"raw": "http://localhost:3000/api/admin/upload-certificate",
							"protocol": "http",
							"host": [
								"localhost"
							],
							"port": "3000",
							"path": [
								"api",
								"admin",
								"upload-certificate"
							]
						}
					},
					"response": []
				},
				{
					"name": "update certificate",
					"request": {
						"method": "PUT",
						"header": [
							{
								"key": "Authorization",
								"value": "Bearer eyJhbGciOiJIUzI1NiIsInR5cCI6IkpXVCJ9.eyJ1c2VybmFtZSI6ImhhcnJ5Iiwicm9sZSI6ImFkbWluIiwiaWF0IjoxNzE0NDE0NjMyLCJleHAiOjE3MTcwMDY2MzJ9.HqqeZJtRCZkWB9MTDPDHD2KNB8PYbizwQ6-XsC72e5k",
								"type": "text"
							}
						],
						"body": {
							"mode": "formdata",
							"formdata": [
								{
									"key": "student_id",
									"value": "3",
									"type": "text"
								},
								{
									"key": "course_id",
									"value": "4",
									"type": "text"
								},
								{
									"key": "issue_date",
									"value": "2024-05-05",
									"type": "text"
								},
								{
									"key": "image",
									"type": "file",
									"src": []
								}
							]
						},
						"url": {
							"raw": "http://localhost:3000/api/admin/update-certificate/6",
							"protocol": "http",
							"host": [
								"localhost"
							],
							"port": "3000",
							"path": [
								"api",
								"admin",
								"update-certificate",
								"6"
							]
						}
					},
					"response": []
				},
				{
					"name": "create-event",
					"request": {
						"method": "POST",
						"header": [
							{
								"key": "Authorization",
								"value": "Bearer eyJhbGciOiJIUzI1NiIsInR5cCI6IkpXVCJ9.eyJ1c2VybmFtZSI6ImhhcnJ5Iiwicm9sZSI6ImFkbWluIiwiaWF0IjoxNzE0NDE0NjMyLCJleHAiOjE3MTcwMDY2MzJ9.HqqeZJtRCZkWB9MTDPDHD2KNB8PYbizwQ6-XsC72e5k",
								"type": "text"
							}
						],
						"body": {
							"mode": "formdata",
							"formdata": [
								{
									"key": "event_payment",
									"value": "false",
									"type": "text"
								},
								{
									"key": "event_start_date",
									"value": "2024-05-05",
									"type": "text"
								},
								{
									"key": "event_end_date",
									"value": "2024-05-06",
									"type": "text"
								},
								{
									"key": "event_media",
									"value": "Karate WhiteBelt Event",
									"type": "text"
								},
								{
									"key": "image",
									"type": "file",
									"src": []
								},
								{
									"key": "event_active",
									"value": "false",
									"type": "text"
								}
							]
						},
						"url": {
							"raw": "http://localhost:3000/api/admin/create-event",
							"protocol": "http",
							"host": [
								"localhost"
							],
							"port": "3000",
							"path": [
								"api",
								"admin",
								"create-event"
							]
						}
					},
					"response": []
				},
				{
					"name": "event-payment",
					"request": {
						"method": "POST",
						"header": [
							{
								"key": "Authorization",
								"value": "Bearer eyJhbGciOiJIUzI1NiIsInR5cCI6IkpXVCJ9.eyJ1c2VybmFtZSI6ImhhcnJ5Iiwicm9sZSI6ImFkbWluIiwiaWF0IjoxNzE0NDE0NjMyLCJleHAiOjE3MTcwMDY2MzJ9.HqqeZJtRCZkWB9MTDPDHD2KNB8PYbizwQ6-XsC72e5k",
								"type": "text"
							}
						],
						"body": {
							"mode": "raw",
							"raw": "{\r\n    \"student_id\": 3,\r\n    \"event_id\": 8,\r\n    \"pay_date\": \"2024-05-05\",\r\n    \"amount_paid\": 200\r\n}",
							"options": {
								"raw": {
									"language": "json"
								}
							}
						},
						"url": {
							"raw": "http://localhost:3000/api/admin/event-payment",
							"protocol": "http",
							"host": [
								"localhost"
							],
							"port": "3000",
							"path": [
								"api",
								"admin",
								"event-payment"
							]
						}
					},
					"response": []
				},
				{
					"name": "update event",
					"request": {
						"method": "PUT",
						"header": [
							{
								"key": "Authorization",
								"value": "Bearer eyJhbGciOiJIUzI1NiIsInR5cCI6IkpXVCJ9.eyJ1c2VybmFtZSI6ImhhcnJ5Iiwicm9sZSI6ImFkbWluIiwiaWF0IjoxNzE0NDE0NjMyLCJleHAiOjE3MTcwMDY2MzJ9.HqqeZJtRCZkWB9MTDPDHD2KNB8PYbizwQ6-XsC72e5k",
								"type": "text"
							}
						],
						"body": {
							"mode": "formdata",
							"formdata": [
								{
									"key": "event_payment",
									"value": "true",
									"type": "text"
								},
								{
									"key": "event_start_date",
									"value": "2024-05-05",
									"type": "text"
								},
								{
									"key": "event_end_date",
									"value": "2024-05-06",
									"type": "text"
								},
								{
									"key": "event_media",
									"value": "Karate WhiteBelt Event",
									"type": "text"
								},
								{
									"key": "image",
									"type": "file",
									"src": []
								},
								{
									"key": "event_price",
									"value": "550",
									"type": "text"
								},
								{
									"key": "event_active",
									"value": "false",
									"type": "text"
								}
							]
						},
						"url": {
							"raw": "http://localhost:3000/api/admin/update-event/10",
							"protocol": "http",
							"host": [
								"localhost"
							],
							"port": "3000",
							"path": [
								"api",
								"admin",
								"update-event",
								"10"
							]
						}
					},
					"response": []
				},
				{
					"name": "update event payment",
					"request": {
						"method": "PUT",
						"header": [
							{
								"key": "Authorization",
								"value": "Bearer eyJhbGciOiJIUzI1NiIsInR5cCI6IkpXVCJ9.eyJ1c2VybmFtZSI6ImhhcnJ5Iiwicm9sZSI6ImFkbWluIiwiaWF0IjoxNzE0NDE0NjMyLCJleHAiOjE3MTcwMDY2MzJ9.HqqeZJtRCZkWB9MTDPDHD2KNB8PYbizwQ6-XsC72e5k",
								"type": "text"
							}
						],
						"body": {
							"mode": "raw",
							"raw": "{\r\n    \"student_id\": 14,\r\n    \"event_id\": 9,\r\n    \"pay_date\": \"2024-05-05\",\r\n    \"amount_paid\": 1000\r\n}",
							"options": {
								"raw": {
									"language": "json"
								}
							}
						},
						"url": {
							"raw": "http://localhost:3000/api/admin/update-event-payment/4",
							"protocol": "http",
							"host": [
								"localhost"
							],
							"port": "3000",
							"path": [
								"api",
								"admin",
								"update-event-payment",
								"4"
							]
						}
					},
					"response": []
				},
				{
					"name": "update student",
					"request": {
						"method": "PUT",
						"header": [
							{
								"key": "Authorization",
								"value": "Bearer eyJhbGciOiJIUzI1NiIsInR5cCI6IkpXVCJ9.eyJ1c2VybmFtZSI6ImhhcnJ5Iiwicm9sZSI6ImFkbWluIiwiaWF0IjoxNzE0NDE0NjMyLCJleHAiOjE3MTcwMDY2MzJ9.HqqeZJtRCZkWB9MTDPDHD2KNB8PYbizwQ6-XsC72e5k",
								"type": "text"
							}
						],
						"body": {
							"mode": "raw",
							"raw": "{\r\n    \"name\": \"Ben10\",\r\n    \"dob\": \"2000-02-25\",\r\n    \"address\": \"456 Main St\",\r\n    \"phone_no\": \"5282828282\",\r\n    \"email\": \"ben10@example.com\",\r\n    \"father_name\": \"james alice\",\r\n    \"father_occupation\": \"engineer\",\r\n    \"father_mobile_no\": \"7869504986\",\r\n    \"mother_name\": \"James Maria\",\r\n    \"mother_occupation\": \"Engineer\",\r\n    \"mother_mobile_no\": \"2343456457\",\r\n    \"student_active\": true\r\n}",
							"options": {
								"raw": {
									"language": "json"
								}
							}
						},
						"url": {
							"raw": "http://localhost:3000/api/admin/update-student/14",
							"protocol": "http",
							"host": [
								"localhost"
							],
							"port": "3000",
							"path": [
								"api",
								"admin",
								"update-student",
								"14"
							]
						}
					},
					"response": []
				},
				{
					"name": "create student credentials",
					"request": {
						"method": "POST",
						"header": [
							{
								"key": "Authorization",
								"value": "Bearer eyJhbGciOiJIUzI1NiIsInR5cCI6IkpXVCJ9.eyJ1c2VybmFtZSI6ImhhcnJ5Iiwicm9sZSI6ImFkbWluIiwiaWF0IjoxNzE0NDE0NjMyLCJleHAiOjE3MTcwMDY2MzJ9.HqqeZJtRCZkWB9MTDPDHD2KNB8PYbizwQ6-XsC72e5k",
								"type": "text"
							}
						],
						"body": {
							"mode": "raw",
							"raw": "{\r\n    \"student_id\": 16,\r\n    \"username\": \"goku@example.com\",\r\n    \"password\": \"kamekamekameha\"\r\n}",
							"options": {
								"raw": {
									"language": "json"
								}
							}
						},
						"url": {
							"raw": "http://localhost:3000/api/admin/create-credentials",
							"protocol": "http",
							"host": [
								"localhost"
							],
							"port": "3000",
							"path": [
								"api",
								"admin",
								"create-credentials"
							]
						}
					},
					"response": []
				},
				{
					"name": "delete student credentials",
					"request": {
						"method": "DELETE",
						"header": [
							{
								"key": "Authorization",
								"value": "Bearer eyJhbGciOiJIUzI1NiIsInR5cCI6IkpXVCJ9.eyJ1c2VybmFtZSI6ImhhcnJ5Iiwicm9sZSI6ImFkbWluIiwiaWF0IjoxNzE0NDE0NjMyLCJleHAiOjE3MTcwMDY2MzJ9.HqqeZJtRCZkWB9MTDPDHD2KNB8PYbizwQ6-XsC72e5k",
								"type": "text"
							}
						],
						"body": {
							"mode": "raw",
							"raw": "{\r\n    \"student_id\": 1\r\n}",
							"options": {
								"raw": {
									"language": "json"
								}
							}
						},
						"url": {
							"raw": "http://localhost:3000/api/admin/delete-student-credentials",
							"protocol": "http",
							"host": [
								"localhost"
							],
							"port": "3000",
							"path": [
								"api",
								"admin",
								"delete-student-credentials"
							]
						}
					},
					"response": []
				},
				{
					"name": "delete payment detail",
					"request": {
						"method": "DELETE",
						"header": [
							{
								"key": "Authorization",
								"value": "Bearer eyJhbGciOiJIUzI1NiIsInR5cCI6IkpXVCJ9.eyJ1c2VybmFtZSI6ImhhcnJ5Iiwicm9sZSI6ImFkbWluIiwiaWF0IjoxNzE0NDE0NjMyLCJleHAiOjE3MTcwMDY2MzJ9.HqqeZJtRCZkWB9MTDPDHD2KNB8PYbizwQ6-XsC72e5k",
								"type": "text"
							}
						],
						"body": {
							"mode": "raw",
							"raw": "{\r\n    \"payment_id\": 1\r\n}",
							"options": {
								"raw": {
									"language": "json"
								}
							}
						},
						"url": {
							"raw": "http://localhost:3000/api/admin/delete-payment-detail",
							"protocol": "http",
							"host": [
								"localhost"
							],
							"port": "3000",
							"path": [
								"api",
								"admin",
								"delete-payment-detail"
							]
						}
					},
					"response": []
				},
				{
					"name": "delete event payment",
					"request": {
						"method": "DELETE",
						"header": [
							{
								"key": "Authorization",
								"value": "Bearer eyJhbGciOiJIUzI1NiIsInR5cCI6IkpXVCJ9.eyJ1c2VybmFtZSI6ImhhcnJ5Iiwicm9sZSI6ImFkbWluIiwiaWF0IjoxNzE0NDE0NjMyLCJleHAiOjE3MTcwMDY2MzJ9.HqqeZJtRCZkWB9MTDPDHD2KNB8PYbizwQ6-XsC72e5k",
								"type": "text"
							}
						],
						"body": {
							"mode": "raw",
							"raw": "{\r\n    \"payment_id\": 4\r\n}",
							"options": {
								"raw": {
									"language": "json"
								}
							}
						},
						"url": {
							"raw": "http://localhost:3000/api/admin/delete-event-payment-detail",
							"protocol": "http",
							"host": [
								"localhost"
							],
							"port": "3000",
							"path": [
								"api",
								"admin",
								"delete-event-payment-detail"
							]
						}
					},
					"response": []
				},
				{
					"name": "delete course",
					"request": {
						"method": "DELETE",
						"header": [
							{
								"key": "Authorization",
								"value": "Bearer eyJhbGciOiJIUzI1NiIsInR5cCI6IkpXVCJ9.eyJ1c2VybmFtZSI6ImhhcnJ5Iiwicm9sZSI6ImFkbWluIiwiaWF0IjoxNzE0NDE0NjMyLCJleHAiOjE3MTcwMDY2MzJ9.HqqeZJtRCZkWB9MTDPDHD2KNB8PYbizwQ6-XsC72e5k",
								"type": "text"
							}
						],
						"body": {
							"mode": "raw",
							"raw": "{\r\n    \"course_id\": 2\r\n}",
							"options": {
								"raw": {
									"language": "json"
								}
							}
						},
						"url": {
							"raw": "http://localhost:3000/api/admin/delete-course",
							"protocol": "http",
							"host": [
								"localhost"
							],
							"port": "3000",
							"path": [
								"api",
								"admin",
								"delete-course"
							]
						}
					},
					"response": []
				},
				{
					"name": "delete event",
					"request": {
						"method": "DELETE",
						"header": [
							{
								"key": "Authorization",
								"value": "Bearer eyJhbGciOiJIUzI1NiIsInR5cCI6IkpXVCJ9.eyJ1c2VybmFtZSI6ImhhcnJ5Iiwicm9sZSI6ImFkbWluIiwiaWF0IjoxNzE0NDE0NjMyLCJleHAiOjE3MTcwMDY2MzJ9.HqqeZJtRCZkWB9MTDPDHD2KNB8PYbizwQ6-XsC72e5k",
								"type": "text"
							}
						],
						"body": {
							"mode": "raw",
							"raw": "{\r\n    \"event_id\": 3\r\n}",
							"options": {
								"raw": {
									"language": "json"
								}
							}
						},
						"url": {
							"raw": "http://localhost:3000/api/admin/delete-event",
							"protocol": "http",
							"host": [
								"localhost"
							],
							"port": "3000",
							"path": [
								"api",
								"admin",
								"delete-event"
							]
						}
					},
					"response": []
				},
				{
					"name": "delete enrollment",
					"request": {
						"method": "DELETE",
						"header": [
							{
								"key": "Authorization",
								"value": "Bearer eyJhbGciOiJIUzI1NiIsInR5cCI6IkpXVCJ9.eyJ1c2VybmFtZSI6ImhhcnJ5Iiwicm9sZSI6ImFkbWluIiwiaWF0IjoxNzE0NDE0NjMyLCJleHAiOjE3MTcwMDY2MzJ9.HqqeZJtRCZkWB9MTDPDHD2KNB8PYbizwQ6-XsC72e5k",
								"type": "text"
							}
						],
						"body": {
							"mode": "raw",
							"raw": "{\r\n    \"enrollment_id\": 1\r\n}",
							"options": {
								"raw": {
									"language": "json"
								}
							}
						},
						"url": {
							"raw": "http://localhost:3000/api/admin/delete-enrollment",
							"protocol": "http",
							"host": [
								"localhost"
							],
							"port": "3000",
							"path": [
								"api",
								"admin",
								"delete-enrollment"
							]
						}
					},
					"response": []
				},
				{
					"name": "delete certificate",
					"request": {
						"method": "DELETE",
						"header": [
							{
								"key": "Authorization",
								"value": "Bearer eyJhbGciOiJIUzI1NiIsInR5cCI6IkpXVCJ9.eyJ1c2VybmFtZSI6ImhhcnJ5Iiwicm9sZSI6ImFkbWluIiwiaWF0IjoxNzE0NDE0NjMyLCJleHAiOjE3MTcwMDY2MzJ9.HqqeZJtRCZkWB9MTDPDHD2KNB8PYbizwQ6-XsC72e5k",
								"type": "text"
							}
						],
						"body": {
							"mode": "raw",
							"raw": "{\r\n    \"student_id\": 3\r\n}",
							"options": {
								"raw": {
									"language": "json"
								}
							}
						},
						"url": {
							"raw": "http://localhost:3000/api/admin/delete-certificate",
							"protocol": "http",
							"host": [
								"localhost"
							],
							"port": "3000",
							"path": [
								"api",
								"admin",
								"delete-certificate"
							]
						}
					},
					"response": []
				},
				{
					"name": "get all students",
					"protocolProfileBehavior": {
						"disableBodyPruning": true
					},
					"request": {
						"method": "GET",
						"header": [
							{
								"key": "Authorization",
								"value": "Bearer eyJhbGciOiJIUzI1NiIsInR5cCI6IkpXVCJ9.eyJ1c2VybmFtZSI6ImhhcnJ5Iiwicm9sZSI6ImFkbWluIiwiaWF0IjoxNzE0NDE0NjMyLCJleHAiOjE3MTcwMDY2MzJ9.HqqeZJtRCZkWB9MTDPDHD2KNB8PYbizwQ6-XsC72e5k",
								"type": "text"
							}
						],
						"body": {
							"mode": "raw",
							"raw": "",
							"options": {
								"raw": {
									"language": "json"
								}
							}
						},
						"url": {
							"raw": "http://localhost:3000/api/admin/students",
							"protocol": "http",
							"host": [
								"localhost"
							],
							"port": "3000",
							"path": [
								"api",
								"admin",
								"students"
							]
						}
					},
					"response": []
				},
				{
					"name": "get student detail",
					"protocolProfileBehavior": {
						"disableBodyPruning": true
					},
					"request": {
						"method": "GET",
						"header": [
							{
								"key": "Authorization",
								"value": "Bearer eyJhbGciOiJIUzI1NiIsInR5cCI6IkpXVCJ9.eyJ1c2VybmFtZSI6ImhhcnJ5Iiwicm9sZSI6ImFkbWluIiwiaWF0IjoxNzE0NDE0NjMyLCJleHAiOjE3MTcwMDY2MzJ9.HqqeZJtRCZkWB9MTDPDHD2KNB8PYbizwQ6-XsC72e5k",
								"type": "text"
							}
						],
						"body": {
							"mode": "raw",
							"raw": "",
							"options": {
								"raw": {
									"language": "json"
								}
							}
						},
						"url": {
							"raw": "http://localhost:3000/api/admin/students/2",
							"protocol": "http",
							"host": [
								"localhost"
							],
							"port": "3000",
							"path": [
								"api",
								"admin",
								"students",
								"2"
							]
						}
					},
					"response": []
				},
				{
					"name": "get all student credentials",
					"protocolProfileBehavior": {
						"disableBodyPruning": true
					},
					"request": {
						"method": "GET",
						"header": [
							{
								"key": "Authorization",
								"value": "Bearer eyJhbGciOiJIUzI1NiIsInR5cCI6IkpXVCJ9.eyJ1c2VybmFtZSI6ImhhcnJ5Iiwicm9sZSI6ImFkbWluIiwiaWF0IjoxNzE0NDE0NjMyLCJleHAiOjE3MTcwMDY2MzJ9.HqqeZJtRCZkWB9MTDPDHD2KNB8PYbizwQ6-XsC72e5k",
								"type": "text"
							}
						],
						"body": {
							"mode": "raw",
							"raw": "",
							"options": {
								"raw": {
									"language": "json"
								}
							}
						},
						"url": {
							"raw": "http://localhost:3000/api/admin/student-credentials",
							"protocol": "http",
							"host": [
								"localhost"
							],
							"port": "3000",
							"path": [
								"api",
								"admin",
								"student-credentials"
							]
						}
					},
					"response": []
				},
				{
					"name": "get payment details",
					"protocolProfileBehavior": {
						"disableBodyPruning": true
					},
					"request": {
						"method": "GET",
						"header": [
							{
								"key": "Authorization",
								"value": "Bearer eyJhbGciOiJIUzI1NiIsInR5cCI6IkpXVCJ9.eyJ1c2VybmFtZSI6ImhhcnJ5Iiwicm9sZSI6ImFkbWluIiwiaWF0IjoxNzE0NDE0NjMyLCJleHAiOjE3MTcwMDY2MzJ9.HqqeZJtRCZkWB9MTDPDHD2KNB8PYbizwQ6-XsC72e5k",
								"type": "text"
							}
						],
						"body": {
							"mode": "raw",
							"raw": "",
							"options": {
								"raw": {
									"language": "json"
								}
							}
						},
						"url": {
							"raw": "http://localhost:3000/api/admin/payment-details",
							"protocol": "http",
							"host": [
								"localhost"
							],
							"port": "3000",
							"path": [
								"api",
								"admin",
								"payment-details"
							]
						}
					},
					"response": []
				},
				{
					"name": "get all courses",
					"protocolProfileBehavior": {
						"disableBodyPruning": true
					},
					"request": {
						"method": "GET",
						"header": [
							{
								"key": "Authorization",
								"value": "Bearer eyJhbGciOiJIUzI1NiIsInR5cCI6IkpXVCJ9.eyJ1c2VybmFtZSI6ImhhcnJ5Iiwicm9sZSI6ImFkbWluIiwiaWF0IjoxNzE0NDE0NjMyLCJleHAiOjE3MTcwMDY2MzJ9.HqqeZJtRCZkWB9MTDPDHD2KNB8PYbizwQ6-XsC72e5k",
								"type": "text"
							}
						],
						"body": {
							"mode": "raw",
							"raw": "",
							"options": {
								"raw": {
									"language": "json"
								}
							}
						},
						"url": {
							"raw": "http://localhost:3000/api/admin/courses",
							"protocol": "http",
							"host": [
								"localhost"
							],
							"port": "3000",
							"path": [
								"api",
								"admin",
								"courses"
							]
						}
					},
					"response": []
				},
				{
					"name": "get all events",
					"protocolProfileBehavior": {
						"disableBodyPruning": true
					},
					"request": {
						"method": "GET",
						"header": [
							{
								"key": "Authorization",
								"value": "Bearer eyJhbGciOiJIUzI1NiIsInR5cCI6IkpXVCJ9.eyJ1c2VybmFtZSI6ImhhcnJ5Iiwicm9sZSI6ImFkbWluIiwiaWF0IjoxNzE0NDE0NjMyLCJleHAiOjE3MTcwMDY2MzJ9.HqqeZJtRCZkWB9MTDPDHD2KNB8PYbizwQ6-XsC72e5k",
								"type": "text"
							}
						],
						"body": {
							"mode": "raw",
							"raw": "",
							"options": {
								"raw": {
									"language": "json"
								}
							}
						},
						"url": {
							"raw": "http://localhost:3000/api/admin/events",
							"protocol": "http",
							"host": [
								"localhost"
							],
							"port": "3000",
							"path": [
								"api",
								"admin",
								"events"
							]
						}
					},
					"response": []
				},
				{
					"name": "get event payment details",
					"protocolProfileBehavior": {
						"disableBodyPruning": true
					},
					"request": {
						"method": "GET",
						"header": [
							{
								"key": "Authorization",
								"value": "Bearer eyJhbGciOiJIUzI1NiIsInR5cCI6IkpXVCJ9.eyJ1c2VybmFtZSI6ImhhcnJ5Iiwicm9sZSI6ImFkbWluIiwiaWF0IjoxNzE0NDE0NjMyLCJleHAiOjE3MTcwMDY2MzJ9.HqqeZJtRCZkWB9MTDPDHD2KNB8PYbizwQ6-XsC72e5k",
								"type": "text"
							}
						],
						"body": {
							"mode": "raw",
							"raw": "",
							"options": {
								"raw": {
									"language": "json"
								}
							}
						},
						"url": {
							"raw": "http://localhost:3000/api/admin/event-payment-details?event_id=8",
							"protocol": "http",
							"host": [
								"localhost"
							],
							"port": "3000",
							"path": [
								"api",
								"admin",
								"event-payment-details"
							],
							"query": [
								{
									"key": "event_id",
									"value": "8"
								}
							]
						}
					},
					"response": []
				},
				{
					"name": "get all enrollments",
					"protocolProfileBehavior": {
						"disableBodyPruning": true
					},
					"request": {
						"method": "GET",
						"header": [
							{
								"key": "Authorization",
								"value": "Bearer eyJhbGciOiJIUzI1NiIsInR5cCI6IkpXVCJ9.eyJ1c2VybmFtZSI6ImhhcnJ5Iiwicm9sZSI6ImFkbWluIiwiaWF0IjoxNzE0NDE0NjMyLCJleHAiOjE3MTcwMDY2MzJ9.HqqeZJtRCZkWB9MTDPDHD2KNB8PYbizwQ6-XsC72e5k",
								"type": "text"
							}
						],
						"body": {
							"mode": "raw",
							"raw": "",
							"options": {
								"raw": {
									"language": "json"
								}
							}
						},
						"url": {
							"raw": "http://localhost:3000/api/admin/enrollments",
							"protocol": "http",
							"host": [
								"localhost"
							],
							"port": "3000",
							"path": [
								"api",
								"admin",
								"enrollments"
							]
						}
					},
					"response": []
				},
				{
					"name": "get all certificate details",
					"protocolProfileBehavior": {
						"disableBodyPruning": true
					},
					"request": {
						"method": "GET",
						"header": [
							{
								"key": "Authorization",
								"value": "Bearer eyJhbGciOiJIUzI1NiIsInR5cCI6IkpXVCJ9.eyJ1c2VybmFtZSI6ImhhcnJ5Iiwicm9sZSI6ImFkbWluIiwiaWF0IjoxNzE0NDE0NjMyLCJleHAiOjE3MTcwMDY2MzJ9.HqqeZJtRCZkWB9MTDPDHD2KNB8PYbizwQ6-XsC72e5k",
								"type": "text"
							}
						],
						"body": {
							"mode": "raw",
							"raw": "",
							"options": {
								"raw": {
									"language": "json"
								}
							}
						},
						"url": {
							"raw": "http://localhost:3000/api/admin/all-certificates",
							"protocol": "http",
							"host": [
								"localhost"
							],
							"port": "3000",
							"path": [
								"api",
								"admin",
								"all-certificates"
							]
						}
					},
					"response": []
				},
				{
					"name": "get certificate file",
					"protocolProfileBehavior": {
						"disableBodyPruning": true
					},
					"request": {
						"method": "GET",
						"header": [
							{
								"key": "Authorization",
								"value": "Bearer eyJhbGciOiJIUzI1NiIsInR5cCI6IkpXVCJ9.eyJ1c2VybmFtZSI6ImhhcnJ5Iiwicm9sZSI6ImFkbWluIiwiaWF0IjoxNzE0NDE0NjMyLCJleHAiOjE3MTcwMDY2MzJ9.HqqeZJtRCZkWB9MTDPDHD2KNB8PYbizwQ6-XsC72e5k",
								"type": "text"
							}
						],
						"body": {
							"mode": "raw",
							"raw": "",
							"options": {
								"raw": {
									"language": "json"
								}
							}
						},
						"url": {
							"raw": "http://localhost:3000/api/admin/certificate/2",
							"protocol": "http",
							"host": [
								"localhost"
							],
							"port": "3000",
							"path": [
								"api",
								"admin",
								"certificate",
								"2"
							]
						}
					},
					"response": []
				}
			]
		},
		{
			"name": "Student",
			"item": [
				{
					"name": "student login",
					"request": {
						"method": "POST",
						"header": [],
						"body": {
							"mode": "raw",
							"raw": "{\r\n    \"username\": \"ben10@example.com\",\r\n    \"password\": \"password\"\r\n}",
							"options": {
								"raw": {
									"language": "json"
								}
							}
						},
						"url": {
							"raw": "http://localhost:3000/api/student/login",
							"protocol": "http",
							"host": [
								"localhost"
							],
							"port": "3000",
							"path": [
								"api",
								"student",
								"login"
							]
						}
					},
					"response": []
				},
				{
					"name": "student info",
					"request": {
						"method": "GET",
						"header": [
							{
								"key": "Authorization",
								"value": "Bearer eyJhbGciOiJIUzI1NiIsInR5cCI6IkpXVCJ9.eyJ1c2VyX2lkIjoxNCwicm9sZSI6InN0dWRlbnQiLCJpYXQiOjE3MTUxMDExNzgsImV4cCI6MTcxNzY5MzE3OH0.daISwHaEuUmWzsHwWx7XP3L3xzZ-y_vFBP5Wi2-LYdc",
								"type": "text"
							}
						],
						"url": {
							"raw": "http://localhost:3000/api/student/student-detail",
							"protocol": "http",
							"host": [
								"localhost"
							],
							"port": "3000",
							"path": [
								"api",
								"student",
								"student-detail"
							]
						}
					},
					"response": []
				},
				{
					"name": "get student credential",
					"request": {
						"method": "GET",
						"header": [
							{
								"key": "Authorization",
								"value": "Bearer eyJhbGciOiJIUzI1NiIsInR5cCI6IkpXVCJ9.eyJ1c2VyX2lkIjoxNCwicm9sZSI6InN0dWRlbnQiLCJpYXQiOjE3MTUxMDExNzgsImV4cCI6MTcxNzY5MzE3OH0.daISwHaEuUmWzsHwWx7XP3L3xzZ-y_vFBP5Wi2-LYdc",
								"type": "text"
							}
						],
						"url": {
							"raw": "http://localhost:3000/api/student/student-credential",
							"protocol": "http",
							"host": [
								"localhost"
							],
							"port": "3000",
							"path": [
								"api",
								"student",
								"student-credential"
							]
						}
					},
					"response": []
				},
				{
					"name": "update student credential",
					"request": {
						"method": "PUT",
						"header": [
							{
								"key": "Authorization",
								"value": "Bearer eyJhbGciOiJIUzI1NiIsInR5cCI6IkpXVCJ9.eyJ1c2VyX2lkIjoxNiwicm9sZSI6InN0dWRlbnQiLCJpYXQiOjE3MTUwOTgxODgsImV4cCI6MTcxNzY5MDE4OH0.eyALO8YB28wpvG2aob2brwVjLOg4FBrW2LI-AM_hxUE",
								"type": "text"
							}
						],
						"body": {
							"mode": "raw",
							"raw": "{\r\n    \"username\": \"goku@example.com\",\r\n    \"password\": \"kamekameha\"\r\n}",
							"options": {
								"raw": {
									"language": "json"
								}
							}
						},
						"url": {
							"raw": "http://localhost:3000/api/student/update-credential",
							"protocol": "http",
							"host": [
								"localhost"
							],
							"port": "3000",
							"path": [
								"api",
								"student",
								"update-credential"
							]
						}
					},
					"response": []
				},
				{
					"name": "get enrollments",
					"protocolProfileBehavior": {
						"disableBodyPruning": true
					},
					"request": {
						"method": "GET",
						"header": [
							{
								"key": "Authorization",
								"value": "Bearer eyJhbGciOiJIUzI1NiIsInR5cCI6IkpXVCJ9.eyJ1c2VyX2lkIjoxNCwicm9sZSI6InN0dWRlbnQiLCJpYXQiOjE3MTUxMDExNzgsImV4cCI6MTcxNzY5MzE3OH0.daISwHaEuUmWzsHwWx7XP3L3xzZ-y_vFBP5Wi2-LYdc",
								"type": "text"
							}
						],
						"body": {
							"mode": "raw",
							"raw": "",
							"options": {
								"raw": {
									"language": "json"
								}
							}
						},
						"url": {
							"raw": "http://localhost:3000/api/student/enrollments",
							"protocol": "http",
							"host": [
								"localhost"
							],
							"port": "3000",
							"path": [
								"api",
								"student",
								"enrollments"
							]
						}
					},
					"response": []
				},
				{
					"name": "get active events",
					"protocolProfileBehavior": {
						"disableBodyPruning": true
					},
					"request": {
						"method": "GET",
						"header": [
							{
								"key": "Authorization",
								"value": "Bearer eyJhbGciOiJIUzI1NiIsInR5cCI6IkpXVCJ9.eyJ1c2VyX2lkIjoxNCwicm9sZSI6InN0dWRlbnQiLCJpYXQiOjE3MTUxMDExNzgsImV4cCI6MTcxNzY5MzE3OH0.daISwHaEuUmWzsHwWx7XP3L3xzZ-y_vFBP5Wi2-LYdc",
								"type": "text"
							}
						],
						"body": {
							"mode": "raw",
							"raw": "",
							"options": {
								"raw": {
									"language": "json"
								}
							}
						},
						"url": {
							"raw": "http://localhost:3000/api/student/events",
							"protocol": "http",
							"host": [
								"localhost"
							],
							"port": "3000",
							"path": [
								"api",
								"student",
								"events"
							]
						}
					},
					"response": []
				}
			]
		}
	]
}